1095226023585697797,"RT @mid_day: Here are a few ways on how you can contribute to the CM Relief Fund for Kerala Flood Relief and rehabilitation, and make sure‚Ä¶",Tue Feb 12 07:40:06 +0000 2019
1095222153941782528,"RT @mid_day: Here are a few ways on how you can contribute to the CM Relief Fund for Kerala Flood Relief and rehabilitation, and make sure‚Ä¶",Tue Feb 12 07:24:44 +0000 2019
1095220298507534336,"RT @GoaFront: @GoaFront &amp; JCI Sanquelim initiative, candle light march for fund collection, let's bring lights in the lives of our brothers‚Ä¶",Tue Feb 12 07:17:22 +0000 2019
1095193558238269440,RT @ShashiTharoor: My letter to the Nobel Peace Prize Committee nominating the fishermen of Kerala for this year's Peace Prize in recogniti‚Ä¶,Tue Feb 12 05:31:06 +0000 2019
1095180725404487680,"RT @pennewstweet: Ecological disaster awaits Kerala https://t.co/UF3lBh8gRZ ‚Ä¶ ‚Ä¶ ‚Ä¶ 
#Keralarains #shashitharoor #KasturiRangan #Gadgilreport‚Ä¶",Tue Feb 12 04:40:07 +0000 2019
1095176192498360321,"Ecological disaster awaits Kerala https://t.co/UF3lBh8gRZ ‚Ä¶ ‚Ä¶ ‚Ä¶ 
#Keralarains #shashitharoor #KasturiRangan #Gadgilreport #westernghats @KeralaTourism 
#SaveAlappad @1Manojk #KeralaFloods #Kerala #UN @PwC_IN #DisasterManagement #Relief #Mining #KMML #IRE #EPJayarajan #PTThomas",Tue Feb 12 04:22:06 +0000 2019
1095134104780042240,RT @CBN_ARMY: Srikakulam District in the state of #AndhraPradesh is badly effected due to #CycloneTitli. Can't we create an Payment channel‚Ä¶,Tue Feb 12 01:34:51 +0000 2019
1095046773037383680,"RT @InUthdotcom: In just six months, the road's fully functional again
#Kerala #KeralaFloods https://t.co/asN7BeXDgM",Mon Feb 11 19:47:50 +0000 2019
1095044843728846848,"RT @urstrulyMahesh: Highest respect to all those who are contributing towards Kerala flood relief. Salutations to Indian Army, Navy, Airfor‚Ä¶",Mon Feb 11 19:40:10 +0000 2019
1095022535077294081,"RT @InUthdotcom: In just six months, the road's fully functional again
#Kerala #KeralaFloods https://t.co/asN7BeXDgM",Mon Feb 11 18:11:31 +0000 2019
1095004740856045573,"RT @GoaFront: @GoaFront &amp; JCI Sanquelim initiative, candle light march for fund collection, let's bring lights in the lives of our brothers‚Ä¶",Mon Feb 11 17:00:49 +0000 2019
1095003090619494405,"RT @GoaFront: @GoaFront &amp; JCI Sanquelim initiative, candle light march for fund collection, let's bring lights in the lives of our brothers‚Ä¶",Mon Feb 11 16:54:15 +0000 2019
1094999852981710848,"RT @InUthdotcom: In just six months, the road's fully functional again
#Kerala #KeralaFloods https://t.co/asN7BeXDgM",Mon Feb 11 16:41:23 +0000 2019
1094998284840640522,RT @ManUtd: The thoughts of everyone at Manchester United are with those affected by the #KeralaFlood. #StandWithKerala https://t.co/T7KYfl‚Ä¶,Mon Feb 11 16:35:09 +0000 2019
1094997287812530176,"RT @InUthdotcom: In just six months, the road's fully functional again
#Kerala #KeralaFloods https://t.co/asN7BeXDgM",Mon Feb 11 16:31:12 +0000 2019
1094992087542464512,"RT @InUthdotcom: In just six months, the road's fully functional again
#Kerala #KeralaFloods https://t.co/asN7BeXDgM",Mon Feb 11 16:10:32 +0000 2019
1094981473331904512,"RT @InUthdotcom: In just six months, the road's fully functional again
#Kerala #KeralaFloods https://t.co/asN7BeXDgM",Mon Feb 11 15:28:21 +0000 2019
1094976300241088513,"RT @InUthdotcom: In just six months, the road's fully functional again
#Kerala #KeralaFloods https://t.co/asN7BeXDgM",Mon Feb 11 15:07:48 +0000 2019
1094975113286508545,"RT @InUthdotcom: In just six months, the road's fully functional again
#Kerala #KeralaFloods https://t.co/asN7BeXDgM",Mon Feb 11 15:03:05 +0000 2019
1094974993954304001,"RT @InUthdotcom: In just six months, the road's fully functional again
#Kerala #KeralaFloods https://t.co/asN7BeXDgM",Mon Feb 11 15:02:36 +0000 2019
1094974172181098496,"RT @InUthdotcom: In just six months, the road's fully functional again
#Kerala #KeralaFloods https://t.co/asN7BeXDgM",Mon Feb 11 14:59:20 +0000 2019
1094969340930203648,"RT @InUthdotcom: In just six months, the road's fully functional again
#Kerala #KeralaFloods https://t.co/asN7BeXDgM",Mon Feb 11 14:40:09 +0000 2019
1094962153923039233,"RT @ZikoZik5: Anothr story of resurgence from kerala. Roads ravished by floods rebuilt at record time.üòçüòç
#KeralaLeads #Kerala
#KeralaFloods‚Ä¶",Mon Feb 11 14:11:35 +0000 2019
1094959782862225411,"In just six months, the road's fully functional again
#Kerala #KeralaFloods https://t.co/asN7BeXDgM",Mon Feb 11 14:02:10 +0000 2019
1094958576962097152,RT @ShashiTharoor: My letter to the Nobel Peace Prize Committee nominating the fishermen of Kerala for this year's Peace Prize in recogniti‚Ä¶,Mon Feb 11 13:57:22 +0000 2019
1094952192706932736,"RT @ZikoZik5: Anothr story of resurgence from kerala. Roads ravished by floods rebuilt at record time.üòçüòç
#KeralaLeads #Kerala
#KeralaFloods‚Ä¶",Mon Feb 11 13:32:00 +0000 2019
1094950584371892224,"RT @ZikoZik5: Anothr story of resurgence from kerala. Roads ravished by floods rebuilt at record time.üòçüòç
#KeralaLeads #Kerala
#KeralaFloods‚Ä¶",Mon Feb 11 13:25:37 +0000 2019
1094924034100350978,"RT @pennewstweet: Ecological disaster awaits Kerala https://t.co/UF3lBh8gRZ ‚Ä¶ ‚Ä¶ 
#Keralarains #shashitharoor #KasturiRangan #Gadgilreport #‚Ä¶",Mon Feb 11 11:40:07 +0000 2019
1094909310809690112,"Ecological disaster awaits Kerala https://t.co/UF3lBh8gRZ ‚Ä¶ ‚Ä¶ 
#Keralarains #shashitharoor #KasturiRangan #Gadgilreport #westernghats @KeralaTourism 
#SaveAlappad @1Manojk #KeralaFloods #Kerala #UN @PwC_IN #DisasterManagement #Relief #Mining #KMML #IRE #EPJayarajan #PTThomas",Mon Feb 11 10:41:36 +0000 2019
1094894482837917696,"RT @ZikoZik5: Anothr story of resurgence from kerala. Roads ravished by floods rebuilt at record time.üòçüòç
#KeralaLeads #Kerala
#KeralaFloods‚Ä¶",Mon Feb 11 09:42:41 +0000 2019
1094894349307891712,"RT @ZikoZik5: Anothr story of resurgence from kerala. Roads ravished by floods rebuilt at record time.üòçüòç
#KeralaLeads #Kerala
#KeralaFloods‚Ä¶",Mon Feb 11 09:42:09 +0000 2019
1094894321726148608,"RT @alluarjun: My Heartful Prayers to the Victims  who were effected by floods in Kerala. 
#KeralaFloods #Keralarains",Mon Feb 11 09:42:03 +0000 2019
1094893836978016256,"RT @ZikoZik5: Anothr story of resurgence from kerala. Roads ravished by floods rebuilt at record time.üòçüòç
#KeralaLeads #Kerala
#KeralaFloods‚Ä¶",Mon Feb 11 09:40:07 +0000 2019
1094890765317066754,"RT @ZikoZik5: Anothr story of resurgence from kerala. Roads ravished by floods rebuilt at record time.üòçüòç
#KeralaLeads #Kerala
#KeralaFloods‚Ä¶",Mon Feb 11 09:27:55 +0000 2019
1094889410988957696,RT @ShashiTharoor: My letter to the Nobel Peace Prize Committee nominating the fishermen of Kerala for this year's Peace Prize in recogniti‚Ä¶,Mon Feb 11 09:22:32 +0000 2019
1094886778442399746,"RT @GoaFront: @GoaFront &amp; JCI Sanquelim initiative, candle light march for fund collection, let's bring lights in the lives of our brothers‚Ä¶",Mon Feb 11 09:12:04 +0000 2019
1094882506002681856,"Anothr story of resurgence from kerala. Roads ravished by floods rebuilt at record time.üòçüòç
#KeralaLeads #Kerala
#KeralaFloods
@vijayanpinarayi @cpimspeak https://t.co/TG9Mb2ShN5",Mon Feb 11 08:55:06 +0000 2019
1094863644989509632,RT @eccentricraj: @AllegedLowbrow @nirbhaisingh07 @ssingapuri @NaMo_SARKAAR @CPIM_Keralam SPEW VENOM PURPORTED BY #PFI NORTH SOUTH #INDIA M‚Ä¶,Mon Feb 11 07:40:09 +0000 2019
1094859386311327744,RT @ShashiTharoor: My letter to the Nobel Peace Prize Committee nominating the fishermen of Kerala for this year's Peace Prize in recogniti‚Ä¶,Mon Feb 11 07:23:13 +0000 2019
1094851444086370304,RT @eccentricraj: @AllegedLowbrow @nirbhaisingh07 @ssingapuri @NaMo_SARKAAR @CPIM_Keralam SPEW VENOM PURPORTED BY #PFI NORTH SOUTH #INDIA M‚Ä¶,Mon Feb 11 06:51:40 +0000 2019
1094848625178525696,"RT @friendsofrss: Unending Spirit: More than 6000 RSS Swayamsevaks gathered today morning, for the Post-Flood Relief Works at Aranmula and‚Ä¶",Mon Feb 11 06:40:28 +0000 2019
1094848593977053185,"RT @rajeshpadmar: Unending Spirit:
More than 6000 RSS Swayamsevaks gathered today morning, for the Post-Flood Relief Works at Aranmula and‚Ä¶",Mon Feb 11 06:40:20 +0000 2019
1094848563337744384,"RT @rajeshpadmar: Reaching the Unreached.
RSS Swayamsevaks reaching the remote Flood Hit zones in Kerala.
#RSSinAction #RSSinKerala #Kerala‚Ä¶",Mon Feb 11 06:40:13 +0000 2019
1094848536863232000,RT @friendsofrss: #RSSinAction: Some more picture of rescue and relief work in Kerala. #KeralaFloods https://t.co/i89O7Cc2WH,Mon Feb 11 06:40:07 +0000 2019
1094840109248143360,RT @friendsofrss: #RSSinAction: Some more picture of rescue and relief work in Kerala. #KeralaFloods https://t.co/i89O7Cc2WH,Mon Feb 11 06:06:37 +0000 2019
1094840001110597632,"RT @rajeshpadmar: Reaching the Unreached.
RSS Swayamsevaks reaching the remote Flood Hit zones in Kerala.
#RSSinAction #RSSinKerala #Kerala‚Ä¶",Mon Feb 11 06:06:12 +0000 2019
1094839860970479620,"RT @rajeshpadmar: Unending Spirit:
More than 6000 RSS Swayamsevaks gathered today morning, for the Post-Flood Relief Works at Aranmula and‚Ä¶",Mon Feb 11 06:05:38 +0000 2019
1094839851717808128,"RT @friendsofrss: Unending Spirit: More than 6000 RSS Swayamsevaks gathered today morning, for the Post-Flood Relief Works at Aranmula and‚Ä¶",Mon Feb 11 06:05:36 +0000 2019
1094821694923890688,RT @anroopak: 4400+ km of road which was destroyed during the #KeralaFloods has been restored within 6 months of the disaster. #KeralaLeads‚Ä¶,Mon Feb 11 04:53:27 +0000 2019
1094818347403886593,"RT @pennewstweet: Ecological disaster awaits Kerala https://t.co/UF3lBh8gRZ ‚Ä¶ 
#Keralarains #shashitharoor #KasturiRangan #Gadgilreport #we‚Ä¶",Mon Feb 11 04:40:09 +0000 2019
1094815817714171905,"RT @urstrulyMahesh: Highest respect to all those who are contributing towards Kerala flood relief. Salutations to Indian Army, Navy, Airfor‚Ä¶",Mon Feb 11 04:30:06 +0000 2019
1094806597342130176,"Ecological disaster awaits Kerala https://t.co/UF3lBh8gRZ ‚Ä¶ 
#Keralarains #shashitharoor #KasturiRangan #Gadgilreport #westernghats @KeralaTourism 
#SaveAlappad @1Manojk #KeralaFloods #Kerala #UN @PwC_IN #DisasterManagement #Relief #Mining #KMML #IRE #EPJayarajan #PTThomas",Mon Feb 11 03:53:27 +0000 2019
1094803238375837697,RT @anroopak: 4400+ km of road which was destroyed during the #KeralaFloods has been restored within 6 months of the disaster. #KeralaLeads‚Ä¶,Mon Feb 11 03:40:07 +0000 2019
1094801298560561152,4400+ km of road which was destroyed during the #KeralaFloods has been restored within 6 months of the disaster. #KeralaLeads #NavaKeralam https://t.co/KCXKZ1XD1I,Mon Feb 11 03:32:24 +0000 2019
1094799716091518976,"RT @Sarojiniranjani: Why I hate modi... #NEET, #Thuthukudi #Sterlight #Salemprotest #SalemToChennai 
 #sterlightmurder  #Hydrocarbon #methe‚Ä¶",Mon Feb 11 03:26:07 +0000 2019
1094795196125061121,RT @ShashiTharoor: My letter to the Nobel Peace Prize Committee nominating the fishermen of Kerala for this year's Peace Prize in recogniti‚Ä¶,Mon Feb 11 03:08:09 +0000 2019
1094788071826980865,RT @TeamUpasana: Here‚Äôs the common DP for Megastar Chiranjeevi Garu birthday supporting #KeralaFloods. This year on the occasion of his bir‚Ä¶,Mon Feb 11 02:39:51 +0000 2019
1094783559661834241,RT @MaveliPraja: When south was hit with disasters such as #Ockhi #KeralaFloods #Gaja this cow belt imperialist ill treated us. Did not kee‚Ä¶,Mon Feb 11 02:21:55 +0000 2019
1094667343123365888,"RT @pennewstweet: Ecological disaster awaits Kerala https://t.co/UF3lBh8gRZ ‚Ä¶ ‚Ä¶ ‚Ä¶ 
#Keralarains #shashitharoor #KasturiRangan #Gadgilreport‚Ä¶",Sun Feb 10 18:40:07 +0000 2019
1094660100093034499,"RT @pennewstweet: Ecological disaster awaits Kerala https://t.co/UF3lBh8gRZ ‚Ä¶ ‚Ä¶ ‚Ä¶ 
#Keralarains #shashitharoor #KasturiRangan #Gadgilreport‚Ä¶",Sun Feb 10 18:11:20 +0000 2019
1094659928889864192,"Ecological disaster awaits Kerala https://t.co/UF3lBh8gRZ ‚Ä¶ ‚Ä¶ ‚Ä¶ 
#Keralarains #shashitharoor #KasturiRangan #Gadgilreport #westernghats @KeralaTourism 
#SaveAlappad @1Manojk #KeralaFloods #Kerala #UN @PwC_IN #DisasterManagement #Relief #Mining #KMML #IRE #EPJayarajan #PTThomas",Sun Feb 10 18:10:39 +0000 2019
1094652259764502529,RT @TeamUpasana: Here‚Äôs the common DP for Megastar Chiranjeevi Garu birthday supporting #KeralaFloods. This year on the occasion of his bir‚Ä¶,Sun Feb 10 17:40:11 +0000 2019
1094652241972215808,"RT @hamdhash360: Simplicity at Its peak.
His Name is Arjun S. 5 Yr old.His Back ground is flooded &amp; distroyed  home space(During #keralaflo‚Ä¶",Sun Feb 10 17:40:06 +0000 2019
1094648768543125504,RT @MaveliPraja: When south was hit with disasters such as #Ockhi #KeralaFloods #Gaja this cow belt imperialist ill treated us. Did not kee‚Ä¶,Sun Feb 10 17:26:18 +0000 2019
1094647462596411393,"Simplicity at Its peak.
His Name is Arjun S. 5 Yr old.His Back ground is flooded &amp; distroyed  home space(During #keralafloods #keralafloodrelief #keralafloods2018 ).He is living with his Mother &amp; 12Yr Brother in  a... https://t.co/lVQ7KqDCMy",Sun Feb 10 17:21:07 +0000 2019
1094646259653083136,RT @TeamUpasana: Here‚Äôs the common DP for Megastar Chiranjeevi Garu birthday supporting #KeralaFloods. This year on the occasion of his bir‚Ä¶,Sun Feb 10 17:16:20 +0000 2019
1094576745880129536,"RT @urstrulyMahesh: Highest respect to all those who are contributing towards Kerala flood relief. Salutations to Indian Army, Navy, Airfor‚Ä¶",Sun Feb 10 12:40:07 +0000 2019
1094563400258994177,"RT @urstrulyMahesh: Highest respect to all those who are contributing towards Kerala flood relief. Salutations to Indian Army, Navy, Airfor‚Ä¶",Sun Feb 10 11:47:05 +0000 2019
1094561645370662912,"RT @pennewstweet: Ecological disaster awaits Kerala https://t.co/UF3lBh8gRZ ‚Ä¶ ‚Ä¶ 
#Keralarains #shashitharoor #KasturiRangan #Gadgilreport #‚Ä¶",Sun Feb 10 11:40:06 +0000 2019
1094556857165848576,When south was hit with disasters such as #Ockhi #KeralaFloods #Gaja this cow belt imperialist ill treated us. Did not keep his Andhra promise. Tweaked the TOR of 15th finance commission to loot south. #GoBackModi #StopHindiImperialism on south https://t.co/0SvQEHE6Pg,Sun Feb 10 11:21:05 +0000 2019
1094554433868976128,"RT @pennewstweet: Ecological disaster awaits Kerala https://t.co/UF3lBh8gRZ ‚Ä¶ ‚Ä¶ 
#Keralarains #shashitharoor #KasturiRangan #Gadgilreport #‚Ä¶",Sun Feb 10 11:11:27 +0000 2019
1094553774511730688,"Ecological disaster awaits Kerala https://t.co/UF3lBh8gRZ ‚Ä¶ ‚Ä¶ 
#Keralarains #shashitharoor #KasturiRangan #Gadgilreport #westernghats @KeralaTourism 
#SaveAlappad @1Manojk #KeralaFloods #Kerala #UN @PwC_IN #DisasterManagement #Relief #Mining #KMML #IRE #EPJayarajan #PTThomas",Sun Feb 10 11:08:50 +0000 2019
1094550456624386049,"RT @RangDeTiranga: 1. #SterliteProtest

2. Jalianwalan Bagh Vs #SterliteProtest.

3. #KeralaFloods.

4. #SabarimalaTemple.

South Indians w‚Ä¶",Sun Feb 10 10:55:39 +0000 2019
1094545807624278018,"RT @RangDeTiranga: 1. #SterliteProtest

2. Jalianwalan Bagh Vs #SterliteProtest.

3. #KeralaFloods.

4. #SabarimalaTemple.

South Indians w‚Ä¶",Sun Feb 10 10:37:10 +0000 2019
1094536256262787072,"RT @RangDeTiranga: 1. #SterliteProtest

2. Jalianwalan Bagh Vs #SterliteProtest.

3. #KeralaFloods.

4. #SabarimalaTemple.

South Indians w‚Ä¶",Sun Feb 10 09:59:13 +0000 2019
1094531702305636353,"RT @Sarojiniranjani: Why I hate modi... #NEET, #Thuthukudi #Sterlight #Salemprotest #SalemToChennai 
 #sterlightmurder  #Hydrocarbon #methe‚Ä¶",Sun Feb 10 09:41:07 +0000 2019
1094517588241965057,"RT @Sarojiniranjani: Why I hate modi... #NEET, #Thuthukudi #Sterlight #Salemprotest #SalemToChennai 
 #sterlightmurder  #Hydrocarbon #methe‚Ä¶",Sun Feb 10 08:45:02 +0000 2019
1094516347718041601,"RT @Sarojiniranjani: Why I hate modi... #NEET, #Thuthukudi #Sterlight #Salemprotest #SalemToChennai 
 #sterlightmurder  #Hydrocarbon #methe‚Ä¶",Sun Feb 10 08:40:07 +0000 2019
1094510524333678592,"RT @Sarojiniranjani: Why I hate modi... #NEET, #Thuthukudi #Sterlight #Salemprotest #SalemToChennai 
 #sterlightmurder  #Hydrocarbon #methe‚Ä¶",Sun Feb 10 08:16:58 +0000 2019
1094509734013485058,"RT @Sarojiniranjani: Why I hate modi... #NEET, #Thuthukudi #Sterlight #Salemprotest #SalemToChennai 
 #sterlightmurder  #Hydrocarbon #methe‚Ä¶",Sun Feb 10 08:13:50 +0000 2019
1094509187013300224,"RT @Sarojiniranjani: Why I hate modi... #NEET, #Thuthukudi #Sterlight #Salemprotest #SalemToChennai 
 #sterlightmurder  #Hydrocarbon #methe‚Ä¶",Sun Feb 10 08:11:39 +0000 2019
1094507309076639744,"Why I hate modi... #NEET, #Thuthukudi #Sterlight #Salemprotest #SalemToChennai 
 #sterlightmurder  #Hydrocarbon #metheane #Cauvery #GST #Demonetization #Gajacyclone #o
#rss #BJP #gangariver #KeralaFloods 
#indianeconomy #jobless #avaporukies.... #GoBackModi #GoBackSadistModi üò°üò° https://t.co/5JRYrdO1Xc",Sun Feb 10 08:04:12 +0000 2019
1094506655365152768,RT @ShashiTharoor: My letter to the Nobel Peace Prize Committee nominating the fishermen of Kerala for this year's Peace Prize in recogniti‚Ä¶,Sun Feb 10 08:01:36 +0000 2019
1094501250912071680,RT @ShashiTharoor: My letter to the Nobel Peace Prize Committee nominating the fishermen of Kerala for this year's Peace Prize in recogniti‚Ä¶,Sun Feb 10 07:40:07 +0000 2019
1094479204844851201,"RT @RangDeTiranga: 1. #SterliteProtest

2. Jalianwalan Bagh Vs #SterliteProtest.

3. #KeralaFloods.

4. #SabarimalaTemple.

South Indians w‚Ä¶",Sun Feb 10 06:12:31 +0000 2019
1094455937786511360,"RT @anonymolu: @sanjaythomas99 @vairamuthu27 @TwitterIndia This is a big joke. When Kerala was flooding, we were tweeting #KeralaFloods for‚Ä¶",Sun Feb 10 04:40:04 +0000 2019
1094440849197408257,"RT @pennewstweet: Ecological disaster awaits Kerala https://t.co/UF3lBh8gRZ ‚Ä¶ ‚Ä¶ ‚Ä¶
#Keralarains #shashitharoor #KasturiRangan #Gadgilreport‚Ä¶",Sun Feb 10 03:40:06 +0000 2019
1094440683404898304,"Ecological disaster awaits Kerala https://t.co/UF3lBh8gRZ ‚Ä¶ ‚Ä¶ ‚Ä¶
#Keralarains #shashitharoor #KasturiRangan #Gadgilreport #westernghats @KeralaTourism 
#SaveAlappad @1Manojk #KeralaFloods #Kerala #UN @PwC_IN #DisasterManagement #Relief #Mining #KMML #IRE #EPJayarajan #PTThomas",Sun Feb 10 03:39:27 +0000 2019
1094425949242720256,"RT @RangDeTiranga: 1. #SterliteProtest

2. Jalianwalan Bagh Vs #SterliteProtest.

3. #KeralaFloods.

4. #SabarimalaTemple.

South Indians w‚Ä¶",Sun Feb 10 02:40:54 +0000 2019
1094425750600646656,"RT @zeesalaamtweet: #Kochi:As part of rehabilitation activities after #Keralafloods,Southern Naval Command handed over keys of a newly cons‚Ä¶",Sun Feb 10 02:40:07 +0000 2019
1094416141479563264,"#Kochi:As part of rehabilitation activities after #Keralafloods,Southern Naval Command handed over keys of a newly constructed house sponsored by Indian Navy to Babu VK in Muttinakam y'day.Original house damaged during the floods had to be reconstructed,at a cost of Rs 9.35 lakh https://t.co/4PmaD6n0C6",Sun Feb 10 02:01:56 +0000 2019
1094335153684602881,"RT @aavishhkar: Dear sir @KailashOnline , the person you call anti national (SRK) has donated huge amount to #KeralaFloods. I just want to‚Ä¶",Sat Feb 09 20:40:07 +0000 2019
1094334561897627653,"RT @aavishhkar: Dear sir @KailashOnline , the person you call anti national (SRK) has donated huge amount to #KeralaFloods. I just want to‚Ä¶",Sat Feb 09 20:37:45 +0000 2019
1094332718228299776,RT @ShashiTharoor: My letter to the Nobel Peace Prize Committee nominating the fishermen of Kerala for this year's Peace Prize in recogniti‚Ä¶,Sat Feb 09 20:30:26 +0000 2019
1094320128404176896,"RT @anonymolu: @sanjaythomas99 @vairamuthu27 @TwitterIndia This is a big joke. When Kerala was flooding, we were tweeting #KeralaFloods for‚Ä¶",Sat Feb 09 19:40:24 +0000 2019
1094320053355532288,"RT @ItsTridha_here: @alluarjun We #heartfully‚ù§ pray d same ..
#KeralaFloods #keralarains",Sat Feb 09 19:40:06 +0000 2019
1094315981915254784,"RT @ItsTridha_here: @alluarjun We #heartfully‚ù§ pray d same ..
#KeralaFloods #keralarains",Sat Feb 09 19:23:56 +0000 2019
1094315545887952897,"RT @alluarjun: My Heartful Prayers to the Victims  who were effected by floods in Kerala. 
#KeralaFloods #Keralarains",Sat Feb 09 19:22:12 +0000 2019
1094314141681037312,"@sanjaythomas99 @vairamuthu27 @TwitterIndia This is a big joke. When Kerala was flooding, we were tweeting #KeralaFloods for a whole day it didn't trend while political and paid tweets were trending.",Sat Feb 09 19:16:37 +0000 2019
1094304974127931392,"RT @anonymolu: I see, is that #KeralaFloods never trended? https://t.co/KRYhmNnfKc",Sat Feb 09 18:40:11 +0000 2019
1094304046486175744,"RT @Sai_Pallavi92: Heartbreaking to see our families in Kerala go through so much distress.
Let us extend our fullest support and Pray for‚Ä¶",Sat Feb 09 18:36:30 +0000 2019
1094303967964651520,RT @StanderDI: @Tokyo_Tom @doug__h @Revkin @gollnerfire @DJHuntPCG @Weather_West @RMS @CAL_FIRE @HuffPost @femaregion9 @SecNielsen @nppd_kr‚Ä¶,Sat Feb 09 18:36:11 +0000 2019
1094303489251917825,"I see, is that #KeralaFloods never trended? https://t.co/KRYhmNnfKc",Sat Feb 09 18:34:17 +0000 2019
1094289856187064320,"RT @pennewstweet: Ecological disaster awaits Kerala https://t.co/UF3lBh8gRZ ‚Ä¶ ‚Ä¶
#Keralarains #shashitharoor #KasturiRangan #Gadgilreport #w‚Ä¶",Sat Feb 09 17:40:07 +0000 2019
1094279901312499712,"Ecological disaster awaits Kerala https://t.co/UF3lBh8gRZ ‚Ä¶ ‚Ä¶
#Keralarains #shashitharoor #KasturiRangan #Gadgilreport #westernghats @KeralaTourism 
#SaveAlappad @1Manojk #KeralaFloods #Kerala #UN @PwC_IN #DisasterManagement #Relief #Mining #KMML #IRE #EPJayarajan #PTThomas",Sat Feb 09 17:00:33 +0000 2019
1094277449175756800,RT @ShashiTharoor: My letter to the Nobel Peace Prize Committee nominating the fishermen of Kerala for this year's Peace Prize in recogniti‚Ä¶,Sat Feb 09 16:50:49 +0000 2019
1094272888339873793,RT @ShashiTharoor: My letter to the Nobel Peace Prize Committee nominating the fishermen of Kerala for this year's Peace Prize in recogniti‚Ä¶,Sat Feb 09 16:32:41 +0000 2019
1094261508467556353,RT @ShashiTharoor: My letter to the Nobel Peace Prize Committee nominating the fishermen of Kerala for this year's Peace Prize in recogniti‚Ä¶,Sat Feb 09 15:47:28 +0000 2019
1094255321378361344,RT @ShashiTharoor: My letter to the Nobel Peace Prize Committee nominating the fishermen of Kerala for this year's Peace Prize in recogniti‚Ä¶,Sat Feb 09 15:22:53 +0000 2019
1094234671490183169,RT @Afwa_Online: #StylishStar #AlluArjun  Fans #AlluBoyzTcr Allu Boyz Thrissur Special Thaipooya #kavadi Features &amp; reflects #keralafloods‚Ä¶,Sat Feb 09 14:00:50 +0000 2019
1094216130615525377,RT @ShashiTharoor: My letter to the Nobel Peace Prize Committee nominating the fishermen of Kerala for this year's Peace Prize in recogniti‚Ä¶,Sat Feb 09 12:47:09 +0000 2019
1094177972821651456,RT @ShashiTharoor: My letter to the Nobel Peace Prize Committee nominating the fishermen of Kerala for this year's Peace Prize in recogniti‚Ä¶,Sat Feb 09 10:15:32 +0000 2019
1094144390564581376,RT @StanderDI: @Tokyo_Tom @doug__h @Revkin @gollnerfire @DJHuntPCG @Weather_West @RMS @CAL_FIRE @HuffPost @femaregion9 @SecNielsen @nppd_kr‚Ä¶,Sat Feb 09 08:02:05 +0000 2019
1094142854597885952,RT @StanderDI: @Tokyo_Tom @doug__h @Revkin @gollnerfire @DJHuntPCG @Weather_West @RMS @CAL_FIRE @HuffPost @femaregion9 @SecNielsen @nppd_kr‚Ä¶,Sat Feb 09 07:55:59 +0000 2019
1094140930536456192,"RT @BharatBathija: #KeralaFloods #KerelaFloodRelief
Men always have soft corner 4 women. There r many Men who r getting harassed by #FakeFe‚Ä¶",Sat Feb 09 07:48:20 +0000 2019
1094112168470028289,RT @ShashiTharoor: My letter to the Nobel Peace Prize Committee nominating the fishermen of Kerala for this year's Peace Prize in recogniti‚Ä¶,Sat Feb 09 05:54:03 +0000 2019
1094108660580732928,"RT @pennewstweet: Ecological disaster awaits Kerala https://t.co/UF3lBh8gRZ ‚Ä¶
#Keralarains #shashitharoor #KasturiRangan #Gadgilreport #wes‚Ä¶",Sat Feb 09 05:40:06 +0000 2019
1094102757768720384,"Ecological disaster awaits Kerala https://t.co/UF3lBh8gRZ ‚Ä¶
#Keralarains #shashitharoor #KasturiRangan #Gadgilreport #westernghats @KeralaTourism 
#SaveAlappad @1Manojk #KeralaFloods #Kerala #UN @PwC_IN #DisasterManagement #Relief #Mining #KMML #IRE #EPJayarajan #PTThomas",Sat Feb 09 05:16:39 +0000 2019
1094082422487040003,RT @Afwa_Online: #StylishStar #AlluArjun  Fans #AlluBoyzTcr Allu Boyz Thrissur Special Thaipooya #kavadi Features &amp; reflects #keralafloods‚Ä¶,Sat Feb 09 03:55:51 +0000 2019
1094082388924104704,RT @Afwa_Online: #StylishStar #AlluArjun  Fans #AlluBoyzTcr Allu Boyz Thrissur Special Thaipooya #kavadi Features &amp; reflects #keralafloods‚Ä¶,Sat Feb 09 03:55:43 +0000 2019
1094078471964426240,"RT @DrRutvij: What a great gesture by this l'il Champ Suhani Lohia.
After winning the Chess Championship from Mumbai, she contributes her p‚Ä¶",Sat Feb 09 03:40:09 +0000 2019
1094078367870013442,RT @ShashiTharoor: My letter to the Nobel Peace Prize Committee nominating the fishermen of Kerala for this year's Peace Prize in recogniti‚Ä¶,Sat Feb 09 03:39:44 +0000 2019
1094065822971166723,"RT @DrRutvij: What a great gesture by this l'il Champ Suhani Lohia.
After winning the Chess Championship from Mumbai, she contributes her p‚Ä¶",Sat Feb 09 02:49:53 +0000 2019
1094009618987081728,RT @StanderDI: @Tokyo_Tom @doug__h @Revkin @gollnerfire @DJHuntPCG @Weather_West @RMS @CAL_FIRE @HuffPost @femaregion9 @SecNielsen @nppd_kr‚Ä¶,Fri Feb 08 23:06:33 +0000 2019
1094006239875526656,RT @StanderDI: @Tokyo_Tom @doug__h @Revkin @gollnerfire @DJHuntPCG @Weather_West @RMS @CAL_FIRE @HuffPost @femaregion9 @SecNielsen @nppd_kr‚Ä¶,Fri Feb 08 22:53:07 +0000 2019
1094005678941892608,RT @StanderDI: @Tokyo_Tom @doug__h @Revkin @gollnerfire @DJHuntPCG @Weather_West @RMS @CAL_FIRE @HuffPost @femaregion9 @SecNielsen @nppd_kr‚Ä¶,Fri Feb 08 22:50:54 +0000 2019
1094002965592055809,RT @StanderDI: @Tokyo_Tom @doug__h @Revkin @gollnerfire @DJHuntPCG @Weather_West @RMS @CAL_FIRE @HuffPost @femaregion9 @SecNielsen @nppd_kr‚Ä¶,Fri Feb 08 22:40:07 +0000 2019
1093998263164911621,RT @StanderDI: @Tokyo_Tom @doug__h @Revkin @gollnerfire @DJHuntPCG @Weather_West @RMS @CAL_FIRE @HuffPost @femaregion9 @SecNielsen @nppd_kr‚Ä¶,Fri Feb 08 22:21:26 +0000 2019
1093998135842652162,"@Tokyo_Tom @doug__h @Revkin @gollnerfire @DJHuntPCG @Weather_West @RMS @CAL_FIRE @HuffPost @femaregion9 @SecNielsen @nppd_krebs @CNN @questCNN @MikeCrapo @CA_DaveJones @NACoTweets @c40cities @ICLEI_ResCities @LeroyWesterling @KamalaHarris @IainHyde @PrecoveryLabs @AMBestCo @PGE4Me @smosstastrophe @AMBestRatings @steve_e @IPTradingRisk @Edison_Electric @SCE @David_Benyon @helen_reinsure @NewsReinsurance @MichaelEMann @TheEconomist @cflav @NFPA @Firewise @Michele_NFPA @disastersafety @roysterwright @thecodecoach @JanKellett @david_j_p @ScheuerJo @InsDevForum @mibeltranv @Conor_J_Meenan .@RMS monitored 140+ catastrophic events in 2018. This retrospective summarises lessons learned from California #wildfires, N. Atlantic #hurricanes, #Typhoon #OmpongPh #Mangkhut + #KeralaFloods: https://t.co/BJ9LvmqC57 | #ResilienceForAll https://t.co/FtakmcJZT2",Fri Feb 08 22:20:55 +0000 2019
1093944474911285250,RT @ShashiTharoor: My letter to the Nobel Peace Prize Committee nominating the fishermen of Kerala for this year's Peace Prize in recogniti‚Ä¶,Fri Feb 08 18:47:41 +0000 2019
1093910427040272386,RT @ShashiTharoor: My letter to the Nobel Peace Prize Committee nominating the fishermen of Kerala for this year's Peace Prize in recogniti‚Ä¶,Fri Feb 08 16:32:24 +0000 2019
1093836883711397893,RT @SeedsIndia: We handed over 29 shelters to families affected by #KeralaFloods yesterday. Many thanks to @PwC_IN. These shelters were bui‚Ä¶,Fri Feb 08 11:40:10 +0000 2019
1093836869966721024,"RT @BhosekarS: It's time to thank #Masculinity for the efforts by #Men during #KeralaFloods , #CoorgFloods . https://t.co/uo17wEugVj",Fri Feb 08 11:40:06 +0000 2019
1093829806246944769,"RT @BhosekarS: It's time to thank #Masculinity for the efforts by #Men during #KeralaFloods , #CoorgFloods . https://t.co/uo17wEugVj",Fri Feb 08 11:12:02 +0000 2019
1093825724916600832,RT @SeedsIndia: We handed over 29 shelters to families affected by #KeralaFloods yesterday. Many thanks to @PwC_IN. These shelters were bui‚Ä¶,Fri Feb 08 10:55:49 +0000 2019
1093819900731244544,RT @ShashiTharoor: My letter to the Nobel Peace Prize Committee nominating the fishermen of Kerala for this year's Peace Prize in recogniti‚Ä¶,Fri Feb 08 10:32:41 +0000 2019
1093806740209053696,"RT @sbsfoundation: Such appreciations motivate us to serve #humanity furthermore.

Thanking Kerala Administration @KeralaGovernor &amp; The Gov‚Ä¶",Fri Feb 08 09:40:23 +0000 2019
1093806690762440704,RT @ysjagan: The devastation caused by the #KeralaFloods is gut-wrenching. My thoughts &amp; prayers are with the people of Kerala in these tes‚Ä¶,Fri Feb 08 09:40:11 +0000 2019
1093802153964007424,RT @ShashiTharoor: My letter to the Nobel Peace Prize Committee nominating the fishermen of Kerala for this year's Peace Prize in recogniti‚Ä¶,Fri Feb 08 09:22:10 +0000 2019
1093798492856897541,RT @PartyVillage017: Thanking the auto driver for bringing back the man who had disappeared just before the #KeralaFloods https://t.co/3Gwq‚Ä¶,Fri Feb 08 09:07:37 +0000 2019
1093797156236840960,RT @ysjagan: The devastation caused by the #KeralaFloods is gut-wrenching. My thoughts &amp; prayers are with the people of Kerala in these tes‚Ä¶,Fri Feb 08 09:02:18 +0000 2019
1093794099532976128,RT @ShashiTharoor: My letter to the Nobel Peace Prize Committee nominating the fishermen of Kerala for this year's Peace Prize in recogniti‚Ä¶,Fri Feb 08 08:50:09 +0000 2019
1093793308026068998,"RT @sbsfoundation: Such appreciations motivate us to serve #humanity furthermore.

Thanking Kerala Administration @KeralaGovernor &amp; The Gov‚Ä¶",Fri Feb 08 08:47:00 +0000 2019
1093792081578000384,"RT @sbsfoundation: Such appreciations motivate us to serve #humanity furthermore.

Thanking Kerala Administration @KeralaGovernor &amp; The Gov‚Ä¶",Fri Feb 08 08:42:08 +0000 2019
1093791869266546688,"Such appreciations motivate us to serve #humanity furthermore.

Thanking Kerala Administration @KeralaGovernor &amp; The Govt. for acknowledging our #DisasterManagement &amp; #Relief services during #KeralaFloods , supervised by our #Founder @jsshunty 

#SBSFoundation https://t.co/mCU8Ag5qW5",Fri Feb 08 08:41:17 +0000 2019
1093768911118426113,RT @ShashiTharoor: My letter to the Nobel Peace Prize Committee nominating the fishermen of Kerala for this year's Peace Prize in recogniti‚Ä¶,Fri Feb 08 07:10:04 +0000 2019
1093766388018282496,RT @ShashiTharoor: My letter to the Nobel Peace Prize Committee nominating the fishermen of Kerala for this year's Peace Prize in recogniti‚Ä¶,Fri Feb 08 07:00:02 +0000 2019
1093752605887483906,"RT @indiawater: Kerala #Fishermen be Given Nobel for 'Selfless Service' During #Floods, @ShashiTharoor in Letter to Prize Committee https:/‚Ä¶",Fri Feb 08 06:05:16 +0000 2019
1093751899235540993,RT @ShashiTharoor: My letter to the Nobel Peace Prize Committee nominating the fishermen of Kerala for this year's Peace Prize in recogniti‚Ä¶,Fri Feb 08 06:02:28 +0000 2019
1093746313085284352,"RT @alluarjun: My Heartful Prayers to the Victims  who were effected by floods in Kerala. 
#KeralaFloods #Keralarains",Fri Feb 08 05:40:16 +0000 2019
1093746273235144706,"RT @indiawater: Kerala #Fishermen be Given Nobel for 'Selfless Service' During #Floods, @ShashiTharoor in Letter to Prize Committee https:/‚Ä¶",Fri Feb 08 05:40:07 +0000 2019
1093743728773267456,"Kerala #Fishermen be Given Nobel for 'Selfless Service' During #Floods, @ShashiTharoor in Letter to Prize Committee https://t.co/XD8kNoBRbC #Keralafloods @thebetterindia",Fri Feb 08 05:30:00 +0000 2019
1093740215665971200,"RT @alluarjun: My Heartful Prayers to the Victims  who were effected by floods in Kerala. 
#KeralaFloods #Keralarains",Fri Feb 08 05:16:02 +0000 2019
1093731205797892096,"RT @pennewstweet: Tharoor recommends Kerala fishermen for Nobel Peace Prize
#shashitharoor @ShashiTharoor #nobelpeaceprize #keralafishermen‚Ä¶",Fri Feb 08 04:40:14 +0000 2019
1093730812535717889,RT @ShashiTharoor: My letter to the Nobel Peace Prize Committee nominating the fishermen of Kerala for this year's Peace Prize in recogniti‚Ä¶,Fri Feb 08 04:38:40 +0000 2019
1093723131489841152,RT @ShashiTharoor: My letter to the Nobel Peace Prize Committee nominating the fishermen of Kerala for this year's Peace Prize in recogniti‚Ä¶,Fri Feb 08 04:08:09 +0000 2019
1093719528159072258,"Tharoor recommends Kerala fishermen for Nobel Peace Prize
#shashitharoor @ShashiTharoor #nobelpeaceprize #keralafishermen #fishermen #keralafloods #keralaflood #floodsinKerala #ThiruvananthapuramMP #writertharoor #NobelCommittee #BerittReissAnderson
https://t.co/b0Zeh57IB5",Fri Feb 08 03:53:50 +0000 2019
1093717971229335552,RT @ShashiTharoor: My letter to the Nobel Peace Prize Committee nominating the fishermen of Kerala for this year's Peace Prize in recogniti‚Ä¶,Fri Feb 08 03:47:39 +0000 2019
1093717173535555584,RT @Afwa_Online: #StylishStar #AlluArjun  Fans #AlluBoyzTcr Allu Boyz Thrissur Special Thaipooya #kavadi Features &amp; reflects #keralafloods‚Ä¶,Fri Feb 08 03:44:29 +0000 2019
1093716306409459712,"RT @vijucherian: Through his letter to the Norwegian committee, @ShashiTharoor reminds the world of the selfless service done by Kerala's f‚Ä¶",Fri Feb 08 03:41:02 +0000 2019
1093716111789563909,"RT @moneycontrolcom: #MCopinion | #Kerala's fishermen deserve the #NobelPeacePrize
(via @vijucherian). Read more: https://t.co/ZHGFszgl8B‚Ä¶",Fri Feb 08 03:40:15 +0000 2019
1093716084253966336,"RT @vijucherian: Through his letter to the Norwegian committee, @ShashiTharoor reminds the world of the selfless service done by Kerala's f‚Ä¶",Fri Feb 08 03:40:09 +0000 2019
1093714340778192897,RT @ShashiTharoor: My letter to the Nobel Peace Prize Committee nominating the fishermen of Kerala for this year's Peace Prize in recogniti‚Ä¶,Fri Feb 08 03:33:13 +0000 2019
1093714003631710208,"Through his letter to the Norwegian committee, @ShashiTharoor reminds the world of the selfless service done by Kerala's fishermen during the 2018 #KeralaFloods. They deserve the #NobelPeacePrize. for their selfless service and sacrifice. 
https://t.co/mpBipDQZQE",Fri Feb 08 03:31:53 +0000 2019
1093713693517393921,RT @ShashiTharoor: My letter to the Nobel Peace Prize Committee nominating the fishermen of Kerala for this year's Peace Prize in recogniti‚Ä¶,Fri Feb 08 03:30:39 +0000 2019
1093712629640716288,"RT @moneycontrolcom: #MCopinion | #Kerala's fishermen deserve the #NobelPeacePrize
(via @vijucherian). Read more: https://t.co/ZHGFszgl8B‚Ä¶",Fri Feb 08 03:26:25 +0000 2019
1093711713311035392,"RT @moneycontrolcom: #MCopinion | #Kerala's fishermen deserve the #NobelPeacePrize
(via @vijucherian). Read more: https://t.co/ZHGFszgl8B‚Ä¶",Fri Feb 08 03:22:47 +0000 2019
1093711235403501569,RT @ShashiTharoor: My letter to the Nobel Peace Prize Committee nominating the fishermen of Kerala for this year's Peace Prize in recogniti‚Ä¶,Fri Feb 08 03:20:53 +0000 2019
1093709418372321280,"#MCopinion | #Kerala's fishermen deserve the #NobelPeacePrize
(via @vijucherian). Read more: https://t.co/ZHGFszgl8B

#ShashiTharoor #KeralaFloods https://t.co/iWCIMgnOVC",Fri Feb 08 03:13:40 +0000 2019
1093705419107708928,RT @PartyVillage017: Thanking the auto driver for bringing back the man who had disappeared just before the #KeralaFloods https://t.co/3Gwq‚Ä¶,Fri Feb 08 02:57:46 +0000 2019
1093704571195580417,RT @PartyVillage017: Thanking the auto driver for bringing back the man who had disappeared just before the #KeralaFloods https://t.co/3Gwq‚Ä¶,Fri Feb 08 02:54:24 +0000 2019
1093704552203710464,RT @PartyVillage017: Thanking the auto driver for bringing back the man who had disappeared just before the #KeralaFloods https://t.co/3Gwq‚Ä¶,Fri Feb 08 02:54:19 +0000 2019
1093698146771914753,RT @ShashiTharoor: My letter to the Nobel Peace Prize Committee nominating the fishermen of Kerala for this year's Peace Prize in recogniti‚Ä¶,Fri Feb 08 02:28:52 +0000 2019
1093694335420383232,RT @PartyVillage017: Thanking the auto driver for bringing back the man who had disappeared just before the #KeralaFloods https://t.co/3Gwq‚Ä¶,Fri Feb 08 02:13:44 +0000 2019
1093688840240254976,RT @ShashiTharoor: My letter to the Nobel Peace Prize Committee nominating the fishermen of Kerala for this year's Peace Prize in recogniti‚Ä¶,Fri Feb 08 01:51:53 +0000 2019
1093688748334829569,RT @Afwa_Online: #StylishStar #AlluArjun  Fans #AlluBoyzTcr Allu Boyz Thrissur Special Thaipooya #kavadi Features &amp; reflects #keralafloods‚Ä¶,Fri Feb 08 01:51:32 +0000 2019
1093685875928690690,RT @PartyVillage017: Thanking the auto driver for bringing back the man who had disappeared just before the #KeralaFloods https://t.co/3Gwq‚Ä¶,Fri Feb 08 01:40:07 +0000 2019
1093685562215727105,RT @PartyVillage017: Thanking the auto driver for bringing back the man who had disappeared just before the #KeralaFloods https://t.co/3Gwq‚Ä¶,Fri Feb 08 01:38:52 +0000 2019
1093685269641871361,RT @PartyVillage017: Thanking the auto driver for bringing back the man who had disappeared just before the #KeralaFloods https://t.co/3Gwq‚Ä¶,Fri Feb 08 01:37:42 +0000 2019
1093683224314765313,Thanking the auto driver for bringing back the man who had disappeared just before the #KeralaFloods https://t.co/3Gwq7rcW5j,Fri Feb 08 01:29:34 +0000 2019
1093675894726688770,RT @ShashiTharoor: My letter to the Nobel Peace Prize Committee nominating the fishermen of Kerala for this year's Peace Prize in recogniti‚Ä¶,Fri Feb 08 01:00:27 +0000 2019
1093639915907223553,RT @ShashiTharoor: My letter to the Nobel Peace Prize Committee nominating the fishermen of Kerala for this year's Peace Prize in recogniti‚Ä¶,Thu Feb 07 22:37:29 +0000 2019
1093633559317774336,RT @ShashiTharoor: My letter to the Nobel Peace Prize Committee nominating the fishermen of Kerala for this year's Peace Prize in recogniti‚Ä¶,Thu Feb 07 22:12:13 +0000 2019
1093624962257043456,RT @ShashiTharoor: My letter to the Nobel Peace Prize Committee nominating the fishermen of Kerala for this year's Peace Prize in recogniti‚Ä¶,Thu Feb 07 21:38:04 +0000 2019
1093617359166812161,RT @ShashiTharoor: My letter to the Nobel Peace Prize Committee nominating the fishermen of Kerala for this year's Peace Prize in recogniti‚Ä¶,Thu Feb 07 21:07:51 +0000 2019
1093617233698275329,RT @ShashiTharoor: My letter to the Nobel Peace Prize Committee nominating the fishermen of Kerala for this year's Peace Prize in recogniti‚Ä¶,Thu Feb 07 21:07:21 +0000 2019
1093588373145448448,RT @ShashiTharoor: My letter to the Nobel Peace Prize Committee nominating the fishermen of Kerala for this year's Peace Prize in recogniti‚Ä¶,Thu Feb 07 19:12:40 +0000 2019
1093584261444222977,RT @ShashiTharoor: My letter to the Nobel Peace Prize Committee nominating the fishermen of Kerala for this year's Peace Prize in recogniti‚Ä¶,Thu Feb 07 18:56:20 +0000 2019
1093581579119706112,RT @ShashiTharoor: My letter to the Nobel Peace Prize Committee nominating the fishermen of Kerala for this year's Peace Prize in recogniti‚Ä¶,Thu Feb 07 18:45:40 +0000 2019
1093573831116099584,RT @ShashiTharoor: My letter to the Nobel Peace Prize Committee nominating the fishermen of Kerala for this year's Peace Prize in recogniti‚Ä¶,Thu Feb 07 18:14:53 +0000 2019
1093573078771150848,RT @ShashiTharoor: My letter to the Nobel Peace Prize Committee nominating the fishermen of Kerala for this year's Peace Prize in recogniti‚Ä¶,Thu Feb 07 18:11:54 +0000 2019
1093568775717236736,RT @ShashiTharoor: My letter to the Nobel Peace Prize Committee nominating the fishermen of Kerala for this year's Peace Prize in recogniti‚Ä¶,Thu Feb 07 17:54:48 +0000 2019
1093568631672397824,RT @ShashiTharoor: My letter to the Nobel Peace Prize Committee nominating the fishermen of Kerala for this year's Peace Prize in recogniti‚Ä¶,Thu Feb 07 17:54:13 +0000 2019
1093567627866370049,RT @ShashiTharoor: My letter to the Nobel Peace Prize Committee nominating the fishermen of Kerala for this year's Peace Prize in recogniti‚Ä¶,Thu Feb 07 17:50:14 +0000 2019
1093566313476177920,RT @ShashiTharoor: My letter to the Nobel Peace Prize Committee nominating the fishermen of Kerala for this year's Peace Prize in recogniti‚Ä¶,Thu Feb 07 17:45:01 +0000 2019
1093566021875785728,RT @HydWatch: @DurgaMenon @AkHaridas @JeSuisCharlie9 @desertfox61I @Saliltoday @prettypadmaja @devyanidilli @DebashishHiTs @harshkkapoor @R‚Ä¶,Thu Feb 07 17:43:51 +0000 2019
1093565768644456449,RT @HydWatch: @DurgaMenon @AkHaridas @JeSuisCharlie9 @desertfox61I @Saliltoday @prettypadmaja @devyanidilli @DebashishHiTs @harshkkapoor @R‚Ä¶,Thu Feb 07 17:42:51 +0000 2019
1093565090488610816,"RT @FishermenCong: @shashitharoor 
We are proud to be a part of the Fishermen Community.
.
.
.
.
#NobelPeaceNomination #FishermenofKerala #‚Ä¶",Thu Feb 07 17:40:09 +0000 2019
1093564331114020864,RT @ShashiTharoor: My letter to the Nobel Peace Prize Committee nominating the fishermen of Kerala for this year's Peace Prize in recogniti‚Ä¶,Thu Feb 07 17:37:08 +0000 2019
1093563487211577344,"@shashitharoor 
We are proud to be a part of the Fishermen Community.
.
.
.
.
#NobelPeaceNomination #FishermenofKerala #KeralaFloods #FishermenCongress https://t.co/vlLIGJJOtg",Thu Feb 07 17:33:47 +0000 2019
